conversation_id_str,created_at,favorite_count,full_text,id_str,image_url,in_reply_to_screen_name,lang,location,quote_count,reply_count,retweet_count,tweet_url,user_id_str,username,Klasifikasi,Keyword
1787467313245212744,Mon May 06 12:59:51 +0000 2024,0,Tolong infokan sales Biznet atau myrepublic wilayah Karawang @IndiHomeCare udah gak bisa diandalkan Cs nya terlalu slow respon.,1787467313245212744,,,in,,0,0,0,https://x.com/undefined/status/1787467313245212744,168107322,,Negatif,
1779828661249872200,Mon Apr 15 11:06:35 +0000 2024,0,@BiznetHome hi min boleh infokan pasang biznet area karawang?,1779828661249872200,,BiznetHome,in,,0,1,0,https://x.com/undefined/status/1779828661249872200,300107432,,Negatif,
1760893249009680607,Fri Feb 23 05:04:01 +0000 2024,0,@BiznetHome halo kak apakah biznet sedang mengalami gangguan di wilayah Teluk Jambe Timur Karawang?,1760893249009680607,,BiznetHome,in,,0,2,0,https://x.com/undefined/status/1760893249009680607,221346777,,Negatif,gangguan
1717118265661739111,Wed Oct 25 09:57:51 +0000 2023,0,Biznet @BiznetHome kenapa Lemot ya area karawang,1717118265661739111,,,in,,0,1,0,https://x.com/undefined/status/1717118265661739111,522907055,,Negatif,lemot
1600062601308037126,Tue Dec 06 09:40:26 +0000 2022,0,@BiznetHome halo min ini Biznet di daerah Telukjambe Timur Karawang sedang ada trouble ya? dari semalam sudah tidak bisa connect ?,1600062601308037126,,BiznetHome,in,,0,1,0,https://x.com/undefined/status/1600062601308037126,268209984,,Negatif,
1563394119149694977,Sat Aug 27 05:26:20 +0000 2022,0,@abah_maryam @Biznet karawang ka ,1563397480553017346,,abah_maryam,tl,,0,0,0,https://x.com/undefined/status/1563397480553017346,1370410608152043522,,Negatif,
1529297352472678400,Wed May 25 03:04:36 +0000 2022,0,biznet karawang butut lemot bgt,1529297352472678400,,,in,,0,0,0,https://x.com/undefined/status/1529297352472678400,752483305958707200,,Negatif,lemot
1430165105300410377,Tue Aug 24 13:48:26 +0000 2021,0,@BiznetHome pak punten pisan biznet karawang apakah ada gangguan ya? Udah 2 hari nggabisa....,1430165105300410377,,BiznetHome,in,,0,1,0,https://x.com/undefined/status/1430165105300410377,593721206,,Negatif,gangguan
1424343633898049543,Sun Aug 08 12:16:00 +0000 2021,0,@BiznetHome Halo Min.. internet Biznet di karawang mati nih dari siang.. ada apakah??,1424343633898049543,,BiznetHome,in,,0,1,0,https://x.com/undefined/status/1424343633898049543,248047828,,Negatif,
1421084875436691463,Fri Jul 30 12:26:51 +0000 2021,0,@BiznetHome Halo saya dari Universitas Singaperbangsa Karawang akan mengadakan event Fasilkom Cup jika ingin mengajukan sponsor biznet di Karawang harus menghubungi kemana ya?,1421084875436691463,,BiznetHome,in,,0,1,0,https://x.com/undefined/status/1421084875436691463,1262239955901747200,,Negatif,
1348593256024604672,Mon Jan 11 13:43:28 +0000 2021,0,@rsoulstory @karawangfess Di ruko jajaran sei sapi kana depan geprek bensu ato google aja biznet karawang,1348626585507614721,,,in,,0,0,0,https://x.com/undefined/status/1348626585507614721,822460315,,Negatif,
1265592509964546048,Wed May 27 10:35:42 +0000 2020,0,@BiznetHome min kantor biznet karawang yang di galuhmas tutup jam brp ya ??,1265592509964546048,,BiznetHome,in,,0,1,0,https://x.com/undefined/status/1265592509964546048,732320540,,Negatif,
1265068376671449088,Mon May 25 23:52:59 +0000 2020,0,@BiznetHome kak punten biznet ada masalahkah dari minggu lalu nggabisa internetan daerah nagasari karawang barat karawang a.n. latif hidayat,1265068376671449088,,BiznetHome,in,,0,6,0,https://x.com/undefined/status/1265068376671449088,593721206,,Negatif,
1249630951853813761,Mon Apr 13 09:37:14 +0000 2020,1,@karawangfess Biznet kalo karawang kota . Biaya daftar nya mahal biaya bulanan nya murah . Bisa netflix . Kalo ind*home engga ‍️,1249632730742050817,,karawangmf,in,,0,1,0,https://x.com/undefined/status/1249632730742050817,3242401214,,Positif,murah
1249606825659387904,Mon Apr 13 08:05:05 +0000 2020,0,@wisnuAk7 @karawangfess Biznet ada di karawang kak?,1249609538371633152,,mellodichild,tl,,0,2,0,https://x.com/undefined/status/1249609538371633152,885421592494329856,,Negatif,
1247031827702763520,Mon Apr 06 05:22:11 +0000 2020,0,@BiznetHome Assalamualaikum akang teteh jaringan biznet dengan nomor pelanggan 20080719 a.n. latif hidayat daerah karawang apakah ada gangguan yaa?,1247031827702763520,,BiznetHome,in,,0,2,0,https://x.com/undefined/status/1247031827702763520,593721206,,Negatif,gangguan
1241311162106400770,Sat Mar 21 10:30:18 +0000 2020,0,@BiznetHome kalau mau pasang biznet bagaimana prosesnya? wilayah karawang timur,1241311162106400770,,BiznetHome,in,,0,2,0,https://x.com/undefined/status/1241311162106400770,96078398,,Negatif,
1220588388182441984,Sat Jan 25 03:31:20 +0000 2020,0,@Bnetkrw Wah udah ada Biznet Karawang cek dong kgv 2 udah bisa pasang Biznet belum?,1220912006728806400,,Bnetkrw,in,,0,0,0,https://x.com/undefined/status/1220912006728806400,125221933,,Negatif,
1213669561838399489,Sun Jan 05 04:08:56 +0000 2020,0,@unpetitebelle Setelah kami lakukan pengecekan untuk area karawang saat ini terdapat kendala pada sisi jalur distribusi kami sehingga berdampak tidak tersedia layanan Biznet dan masih dalam pengecekan oleh tim kami. Mohon maaf atas ketidaknyamanannya. Terima kasih. ^rzk,1213673713385775105,,unpetitebelle,in,,0,1,0,https://x.com/undefined/status/1213673713385775105,304822906,,Positif,aman
1213642991681695744,Sun Jan 05 02:30:32 +0000 2020,0,@krystaIyne Setelah kami lakukan pengecekan untuk di area Karawang saat ini dapat kami sampaikan saat ini terdapat kendala pada sisi jalur distribusi kami yang sehingga berdampak tidak tersedia layanan Biznet masih dalam pengecekan. Mohon maaf atas ketidaknyamanannya. Thanks^rzk,1213648949531287552,,ultrimilk,in,,1,2,0,https://x.com/undefined/status/1213648949531287552,304822906,,Positif,aman
1208423493097775110,Sat Dec 21 16:26:26 +0000 2019,0,@BiznetHome malam min untuk daerah perum ckm bengle majalaya karawang kira2 kpn ya biznet bisa tersambung?,1208423493097775110,,BiznetHome,in,,0,1,0,https://x.com/undefined/status/1208423493097775110,1631575392,,Negatif,
1206571694053318656,Mon Dec 16 14:02:31 +0000 2019,0,@krystaIyne Kami sampaikan permohonan maaf atas ketidaknyamanannya. Terkait indikasi kendala layanan Biznet di area Karawang disebabkan adanya kebakaran di area Perumnas pada kemarin hari dan saat ini masih dalam proses penanganan tim terkait agar layanan di lokasi dapat kemb...,1206575333748727814,,ultrimilk,in,,0,1,0,https://x.com/undefined/status/1206575333748727814,304822906,,Positif,aman
1206331347905724417,Mon Dec 16 12:10:15 +0000 2019,0,@arizalramadhana Hi malam. Terkait kendala layanan Biznet di area Karawang saat ini masih dalam proses penanganan tim terkait kami dan saat ini sdh kami teruskan ke tim terkait agar dapat dipercepat kembali. Kami sampaikan permohonan maaf atas ketidaknyamanannya. Tks. ^yud,1206547080354959360,,arizalramadhana,in,,0,1,0,https://x.com/undefined/status/1206547080354959360,304822906,,Positif,cepat
1206536408413786112,Mon Dec 16 12:05:10 +0000 2019,0,@intan_manechu Hi malam. Saat ini kendala layanan Biznet di area Karawang masih dalam proses penanganan tim terkait agar layanan di lokasi dapat kembali aktif. Sebelumnya kami sampaikan permohonan maaf atas ketidaknyamanannya. Terima kasih. ^yud,1206545802908319749,,intan_manechu,in,,0,1,0,https://x.com/undefined/status/1206545802908319749,304822906,,Positif,aman
1175219464385597440,Sat Sep 21 01:25:29 +0000 2019,0,@BiznetNetworks selamat pagi saya pelanggan id 20055709 tadi malam ada mati lampu di Karawang tapi cuma satu jam aja masalah nya layanan internet Biznet ko ikut mati juga sampe saya melaporkan saat ini. Tolong segera di perbaiki. Terimakasih.,1175219464385597440,,BiznetNetworks,in,,0,0,0,https://x.com/undefined/status/1175219464385597440,1120977138675404800,,Negatif,
1157797810156138496,Sat Aug 03 23:38:03 +0000 2019,0,Selamat pagi @BiznetNetworks mohon info layanan metro biznet daerah karawang apakah sedang terjadi gangguan dari tadi malam?,1157797810156138496,,,in,,0,1,0,https://x.com/undefined/status/1157797810156138496,135923896,,Negatif,gangguan
1156555094806028289,Wed Jul 31 13:19:57 +0000 2019,0,@BiznetHome slamat malam..utk biznet area galuh mas karawang apakah ada gangguan?? https://t.co/7MutcylKZD,1156555094806028289,https://pbs.twimg.com/media/EAzouleUwAAc1ba.jpg,BiznetHome,in,,0,1,0,https://x.com/undefined/status/1156555094806028289,79700260,,Negatif,gangguan
1147467584289173505,Sat Jul 06 11:29:25 +0000 2019,0,@BiznetHome di perum puri telukjambe karawang apakah sudah tersedia jaringan biznet?,1147467584289173505,,BiznetHome,in,,0,0,0,https://x.com/undefined/status/1147467584289173505,1707113191,,Negatif,
1142570646628552704,Mon Jun 24 11:20:15 +0000 2019,0,@BiznetHome konfirmasi lagi nih sudah di contact org biznet konfirmasi alamat rumah di mana sudah panjang lebar ujung nya di bilang di daerah jaktim padahal di database biznet jelas2 d karawang... luar biasa.. @BiznetNetworks,1143116623718469632,,BiznetHome,in,,0,0,0,https://x.com/undefined/status/1143116623718469632,42817430,,Negatif,lag
1138760285907369990,Wed Jun 12 10:49:43 +0000 2019,0,kak @BiznetHome area ini sudah bisa pasang biznet home kah ??? Ruko Roce Resinda Blok TA 7 No. 28 Kel. Purwadana Kec. Telukjambe Timur Kab. Karawang Barat Jawa Barat - 41361,1138760285907369990,,,in,,0,2,0,https://x.com/undefined/status/1138760285907369990,522040819,,Negatif,
1123227825232695296,Tue Apr 30 14:09:16 +0000 2019,0,@BiznetNetworks wil.karawang jl.pramuka bisa pasang biznet..brp biayanya..thx,1123227825232695296,,BiznetNetworks,in,,0,1,0,https://x.com/undefined/status/1123227825232695296,408813524,,Negatif,
1123227096891813897,Tue Apr 30 14:06:23 +0000 2019,0,@BiznetHome apakah utk wil. karawang jalan pramuka kel nagasari bisa pasang biznet,1123227096891813897,,BiznetHome,in,,0,1,0,https://x.com/undefined/status/1123227096891813897,408813524,,Negatif,
1104321451484602368,Sat Mar 09 10:02:05 +0000 2019,0,Yth @BiznetNetworks mohon infonya apakah sedang ada perbaikan jaringan di wilayah telukjambe timur - karawang?..karena semenjak tadi pagi koneksi internet biznet saya bermasalah..Mohon infonya..Tks https://t.co/S1Ik95t4Gn,1104321451484602368,https://pbs.twimg.com/media/D1NWgWLUwAAw5dr.jpg,,in,,0,3,0,https://x.com/undefined/status/1104321451484602368,65268941,,Negatif,
1090165418302439424,Tue Jan 29 08:31:04 +0000 2019,0,@BiznetHome permisi min saya mau nanya kalo untuk biaya pemasangan biznet home internet 1A kira2 berapa ya? saya domisili karawang jawa barat,1090165418302439424,,BiznetHome,in,,0,1,0,https://x.com/undefined/status/1090165418302439424,1058037635602468865,,Negatif,
1071544549036572677,Sat Dec 08 23:18:23 +0000 2018,0,@BiznetHome pagi min..mw tanya koneksi biznet didaerah galuh mas karawang apakah bermasalah??hingga kapan ya?? https://t.co/AKYysie2L7,1071544549036572677,https://pbs.twimg.com/media/Dt7kFlkUUAErgH-.jpg,BiznetHome,in,,0,2,0,https://x.com/undefined/status/1071544549036572677,79700260,,Negatif,
1003912329661112320,Tue Jun 05 08:12:05 +0000 2018,0,@BiznetHome mau tanya biznet sudah mencakup daerah rengasdengklok karawang blm ya?,1003912329661112320,,BiznetHome,in,,0,2,0,https://x.com/undefined/status/1003912329661112320,78848661,,Negatif,
1002437486314807296,Fri Jun 01 06:31:35 +0000 2018,0,@BiznetHome di perum puri telukjambe karawang sudah bisa terjangkau jaringan biznet blm ya?,1002437486314807296,,BiznetHome,in,,0,2,0,https://x.com/undefined/status/1002437486314807296,1707113191,,Negatif,
910102151652818944,Tue Sep 19 11:23:56 +0000 2017,0,@BiznetNetworks @BiznetHome mohon informasikan ke teknisi branch karawang perumahan karang indah br nyala lampunya. Biznet msh mati disini.,910102151652818944,,BiznetNetworks,in,,0,4,0,https://x.com/undefined/status/910102151652818944,21923012,,Negatif,
891171066638245888,Sat Jul 29 05:38:34 +0000 2017,0,@BiznetHome mohon infonya jaringan internet biznet sdh ada di perumahan puri telukjambe karawang blm ya?,891171066638245888,,BiznetHome,in,,0,3,0,https://x.com/undefined/status/891171066638245888,3148863559,,Negatif,
880386557764526080,Thu Jun 29 11:24:46 +0000 2017,0,@BiznetHome maaf kalau coverage area Biznet belum masuk ya ke Karawang (perumnas blok D) ?,880386557764526080,,BiznetHome,in,,0,5,0,https://x.com/undefined/status/880386557764526080,296809254,,Negatif,
862610713839259648,Thu May 11 10:09:55 +0000 2017,0,@TelkomCare u/ alamat Perum Mahkota Regency kec. Telukjambe Timur kel. Puseurjaya kab. Karawang apakah sudah tercover layanan biznet?,862610713839259648,,Telkom_EYF,in,,0,1,0,https://x.com/undefined/status/862610713839259648,387598285,,Negatif,
861581000001835008,Mon May 08 13:58:12 +0000 2017,0,@BiznetHome u/ alamat Perum Mahkota Regency kec. Telukjambe Timur kel. Puseurjaya kab. Karawang apakah sudah tercover layanan biznet?,861581000001835008,,BiznetHome,in,,0,2,0,https://x.com/undefined/status/861581000001835008,387598285,,Negatif,
854980173527080960,Thu Apr 20 08:48:52 +0000 2017,0,mau Tanya untuk wilayah perumnas bumi telukjambe Blok M karawang Jabar apakah sudah Ada pemasangan jaringan biznet? Trims ...,854980173527080960,,,in,,0,0,0,https://x.com/undefined/status/854980173527080960,243013265,,Negatif,
852732490024329221,Fri Apr 14 03:57:23 +0000 2017,0,Di daerah rawagabus karawang timur biznet sudah masuk belum yah? @BiznetHome @BiznetNetworks,852732490024329221,,,in,,0,4,0,https://x.com/undefined/status/852732490024329221,310231921,,Negatif,
839830045099085824,Thu Mar 09 13:27:40 +0000 2017,0,@BiznetHome info dong jaringan biznet utk prmhn puri telukjambe desa sirnabaya kec. Telukjambe timur karawang jawa barat udh tersedia blm?,839830045099085824,,BiznetHome,in,,0,1,0,https://x.com/undefined/status/839830045099085824,3148863559,,Negatif,
835727940042149893,Sun Feb 26 05:47:22 +0000 2017,0,@BiznetHome kak mau tanya biznet karawang hari ini buka atau enggak ? Soalnya saya udah daftar tp udah 2 minggu belum di pasang wifi,835727940042149893,,BiznetHome,in,,0,1,0,https://x.com/undefined/status/835727940042149893,732320540,,Negatif,
832261025122570244,Thu Feb 16 16:11:05 +0000 2017,0,@BiznetHome kapan perluasan untuk daerah karawang? karena tidak semuanya terkena biznet,832261025122570244,,BiznetHome,in,,0,1,0,https://x.com/undefined/status/832261025122570244,505412867,,Negatif,
820952993973432320,Mon Jan 16 11:47:25 +0000 2017,0,@BiznetHome kalo Perumnas Telukjambe Kelurahan Sukaluyu Kab. Karawang udah masuk cakupan Biznet blum Min?,820960647886172161,,BiznetHome,in,,0,1,0,https://x.com/undefined/status/820960647886172161,33358175,,Negatif,
820826912884854785,Mon Jan 16 02:56:00 +0000 2017,0,@BiznetHome saya tanggal 3 januari ke biznet shop karawang mau daftar biznet internet koq belum ada jawaban dari biznet ya?,820826912884854785,,BiznetHome,in,,0,3,0,https://x.com/undefined/status/820826912884854785,212403187,,Negatif,
820564793782194176,Sun Jan 15 09:34:26 +0000 2017,0,@BiznetNetworks untuk ketersediaan modem biznet di wilayah karawang inden berapa lama lagi ya?,820564793782194176,,BiznetNetworks,in,,0,1,0,https://x.com/undefined/status/820564793782194176,392672586,,Negatif,lag
820085333400260608,Sat Jan 14 01:49:14 +0000 2017,2,Pagi biznet.. internet kami dari jam 1 mati.. lokasi warnet MAGNET Jln.Teratai RT03/10 guro 2 karawang .. Terimakasih @BiznetHome,820085333400260608,,,in,,0,1,0,https://x.com/undefined/status/820085333400260608,587960045,,Negatif,
817022523837558784,Thu Jan 05 14:58:43 +0000 2017,0,@BiznetHome saya tinggal didaerah karawang tapi biznet belum menjangkau daerah saya padahal teman teman saya sudah terjangkau,817022523837558784,,BiznetHome,in,,0,1,0,https://x.com/undefined/status/817022523837558784,505412867,,Negatif,
815733844150095874,Mon Jan 02 01:37:58 +0000 2017,0,Sepanjang kantor-kantor sebelah masih pada libur cuma kita yg masuk luar (at Biznet Networks Branch Karawang) https://t.co/E4I6G68YHF,815733844150095874,,,in,,0,0,0,https://x.com/undefined/status/815733844150095874,99128534,,Negatif,
813315270928281600,Mon Dec 26 09:27:25 +0000 2016,0,@BiznetNetworks min..kapan di jl. RUBAYA 3 Karangpawitan - karawang tercover biznet??,813315270928281600,,BiznetNetworks,in,,0,1,0,https://x.com/undefined/status/813315270928281600,105768821,,Negatif,
808731359313170432,Tue Dec 13 17:52:36 +0000 2016,0,@BiznetHome min saya pelanggan biznet karawang knapa ya sering RTO/DC?,808731359313170432,,BiznetHome,in,,0,0,0,https://x.com/undefined/status/808731359313170432,749311638,,Negatif,
808729364405682176,Tue Dec 13 17:44:40 +0000 2016,0,@BiznetHome kenapa ya jaringannya masih sering RTO/DC? saya pelanggan biznet area karawang,808729364405682176,,BiznetHome,in,,0,1,0,https://x.com/undefined/status/808729364405682176,749311638,,Negatif,
792207727279771648,Sat Oct 29 04:00:49 +0000 2016,0,@BiznetHome ini screenshot-nya. Email kemana? Mohon segera ditindaklanjuti. Saya telpon ke biznet karawang tidak aktif. https://t.co/1xhnJtehYq,792214579543584768,https://pbs.twimg.com/media/Cv6C8UDUMAAI6mj.jpg,BiznetHome,in,,0,1,0,https://x.com/undefined/status/792214579543584768,21923012,,Negatif,
756139751409717248,Thu Jul 21 15:11:26 +0000 2016,0,Hi @RealWldn Untuk cek jaringan kami di Karawang silakan kunjungi https://t.co/2z19J3Yy8o dan utk info layanannya di https://t.co/dxIwyTGfGz,756144561022377984,,RealWldn,in,,0,0,0,https://x.com/undefined/status/756144561022377984,106597170,,Negatif,
746620457432932353,Sat Jun 25 08:26:03 +0000 2016,0,#TuitKarawang Ajak Langganan Biznet Bisa Gratis Satu Bulan #Karawang #Tuit,746620457432932353,,,in,,0,0,0,https://x.com/undefined/status/746620457432932353,897134521,,Promosi,gratis
721181019496316929,Sat Apr 16 03:38:48 +0000 2016,0,Semoga segera bisa silaturahim ke rumah (at Biznet Networks Branch Karawang) https://t.co/CYrFWvulkx,721181019496316929,,,in,,0,0,0,https://x.com/undefined/status/721181019496316929,99128534,,Negatif,
707861132875182081,Thu Mar 10 09:30:20 +0000 2016,0,#NewCoverageArea: Cluster My Flower Galuh Mas Teluk Jambe Timur Karawang 41361. Klik https://t.co/ewzi20lIyJ https://t.co/Y4559qbxa4,707861132875182081,https://pbs.twimg.com/media/CdKdDElWAAAvZlV.jpg,,in,,0,0,0,https://x.com/undefined/status/707861132875182081,304822906,,Negatif,
697667966557499392,Wed Mar 02 15:28:23 +0000 2016,0,@BiznetHome untuk di jl.rubaya 3 kepuh kel.karang pawitan kec.karawang barat..ada cakupan jaringan biznet?,705052136879435776,,BiznetHome,in,,0,1,0,https://x.com/undefined/status/705052136879435776,105768821,,Negatif,
702021163862487040,Tue Feb 23 06:44:23 +0000 2016,0,#NewCoverageArea: Perumnas Teluk Jambe Blok F &amp; G Karawang 41361. More info https://t.co/ewzi20lIyJ https://t.co/nHcmGdhDNO,702021163862487040,https://pbs.twimg.com/media/Cb4UeQ0VIAEOesp.jpg,,in,,0,0,0,https://x.com/undefined/status/702021163862487040,304822906,,Negatif,
700254722196811778,Thu Feb 18 09:45:10 +0000 2016,0,#NewCoverageArea: Cluster Primrose Galuh Mas - Karawang 41361. Info berlangganan https://t.co/ewzi20lIyJ https://t.co/SegcS8yJLk,700254722196811778,https://pbs.twimg.com/media/CbfCNkuUsAAVknZ.jpg,,in,,0,1,0,https://x.com/undefined/status/700254722196811778,304822906,,Negatif,
679603801318268928,Wed Dec 23 10:05:47 +0000 2015,0,Selamat hari raya dan selamat liburan gan!! (at Biznet Networks Branch Karawang) [pic] https://t.co/ZbwoqUvA62,679603801318268928,,,in,,0,0,0,https://x.com/undefined/status/679603801318268928,99128534,,Negatif,
676978868230705152,Wed Dec 16 04:15:14 +0000 2015,0,#NewCoverageArea:Perumnas Teluk Jambe Blok H &amp; B Karawang 41361. Info berlangganan https://t.co/ewzi2047Hb https://t.co/MMQcGAHpID,676978868230705152,https://pbs.twimg.com/media/CWUcmoSXIAEhjvb.jpg,,in,,0,0,0,https://x.com/undefined/status/676978868230705152,304822906,,Negatif,
676282340780335104,Mon Dec 14 06:07:29 +0000 2015,0,Courtyard Galuh Mas kapan? @BiznetHome: #NewCoverageArea: Perumahan Harmoni Mas Karawang 41361. Info berlangganan https://t.co/b2xSoxq2yS,676282340780335104,,,in,,0,1,0,https://x.com/undefined/status/676282340780335104,54521044,,Negatif,
676257850432335872,Mon Dec 14 04:30:10 +0000 2015,0,#NewCoverageArea: Perumahan Harmoni Mas Karawang 41361. Info berlangganan https://t.co/ewzi2047Hb https://t.co/QcqE5mgumz,676257850432335872,https://pbs.twimg.com/media/CWKMJ7WVEAACzyV.jpg,,in,,0,0,0,https://x.com/undefined/status/676257850432335872,304822906,,Negatif,
669053334775427072,Tue Nov 24 07:22:00 +0000 2015,2,Biznet Business Gathering Hospitality &amp; Property kota kedua Karawang &amp; Bekasi yang diselenggarakan di @delonixhotel https://t.co/FYXYmkL1pk,669053334775427072,https://pbs.twimg.com/media/CUj0c-IUwAAyc7q.jpg,,in,,0,0,1,https://x.com/undefined/status/669053334775427072,106597170,,Negatif,
662288736328118274,Thu Nov 05 15:21:54 +0000 2015,0,Kapan selesenyaa .......... #biznet #ngendoran #lobateuing @ Mall Karawang Central Plaza https://t.co/bMe8kjqRe2,662288736328118274,,,in,,0,0,0,https://x.com/undefined/status/662288736328118274,742362337,,Negatif,
637475551926554624,Sat Aug 29 04:03:09 +0000 2015,0,@BiznetHome min mau tanya. Kalau biznet di jalan baru karawang sudah tercover?,637475551926554624,,BiznetHome,in,,0,1,0,https://x.com/undefined/status/637475551926554624,452186076,,Negatif,
634959347672416257,Sat Aug 22 05:24:40 +0000 2015,0,@BiznetHome mau tanya line telpon utk biznet cabang karawang bisa? Terima kasih,634959347672416257,,BiznetHome,in,,0,1,0,https://x.com/undefined/status/634959347672416257,42817430,,Negatif,
634585359968440320,Fri Aug 21 04:38:34 +0000 2015,0,Tetap Dalam Jiwa by Isyana Sarasvati (at Biznet Networks Branch Karawang) https://t.co/1g5iDk635h,634585359968440320,,,in,,0,0,0,https://x.com/undefined/status/634585359968440320,99128534,,Negatif,
631023773009838080,Tue Aug 11 08:46:05 +0000 2015,0,#TuitKarawang Asyik Bisa Langganan Biznet Home 3 Bulan Tanpa Bayar #Karawang #Tuit,631023773009838080,,,in,,0,0,0,https://x.com/undefined/status/631023773009838080,897134521,,Negatif,
631022694427852801,Tue Aug 11 08:41:48 +0000 2015,0,Asyik Bisa Langganan Biznet Home 3 Bulan Tanpa Bayar: KARAWANG RAKA - Biznet menawarkan promo khusu... http://t.co/FFwDaShDfk #infoKRW,631022694427852801,,,in,,0,0,0,https://x.com/undefined/status/631022694427852801,196985802,,Promosi,promo
631022694373289985,Tue Aug 11 08:41:48 +0000 2015,0,Asyik Bisa Langganan Biznet Home 3 Bulan Tanpa Bayar: KARAWANG RAKA - Biznet menawarkan promo khusus yaitu p... http://t.co/Df2QWeF7a1,631022694373289985,,,in,,0,0,0,https://x.com/undefined/status/631022694373289985,2802699536,,Promosi,promo
631019745647575040,Tue Aug 11 08:30:05 +0000 2015,0,Asyik Bisa Langganan Biznet Home 3 Bulan Tanpa Bayar: KARAWANG RAKA - Biznet menawarkan promo khusus yaitu p... http://t.co/mz5SzSQtop,631019745647575040,,,in,,0,0,0,https://x.com/undefined/status/631019745647575040,724199334,,Promosi,promo
588641281124896768,Fri Apr 17 09:29:53 +0000 2015,1,@kangman_ saat ini untuk wilayah Karawang Biznet Wifi sudah hadir di Alun-alun Karawang. Info : https://t.co/rh83x1AThw,588997802044166144,,kangman_,in,,0,0,0,https://x.com/undefined/status/588997802044166144,3007466000,,Negatif,
580317753334087682,Tue Mar 24 10:47:09 +0000 2015,0,@rizkidp_ hoo . kirain karawang doang . td sore tlpone biznet nya katanya . daerah karawang emang alarm kerusakan di pusat nyala...,580319936385421312,,xSacrificar,in,,0,0,0,https://x.com/undefined/status/580319936385421312,522040819,,Negatif,
573378282004992000,Thu Mar 05 07:03:29 +0000 2015,0,Biznet Wifi kini sdh hdr di bbrapa kota besar yaitu Brebes Bekasi Karawang Tegal Depok &amp; msh ada bbrpa lg. info https://t.co/rh83x1AThw,573378282004992000,,,in,,0,1,0,https://x.com/undefined/status/573378282004992000,3007466000,,Negatif,
572646205613740033,Tue Mar 03 06:34:29 +0000 2015,0,New Coverage Area Biznet Wifi yg kini sdh hdir di Karawang Tegal Brebes Bekasi Depok Bdg Badung (Kuta). Info : https://t.co/rh83x1AThw,572646205613740033,,,in,,0,0,0,https://x.com/undefined/status/572646205613740033,3007466000,,Negatif,
560998425190100992,Fri Jan 30 05:03:44 +0000 2015,0,@arif__rf bro karywan biznet area karawang yah ? Klo mau pasang gmn dan harus kmn yah ?,561026956590718976,,arif__rf,in,,0,1,0,https://x.com/undefined/status/561026956590718976,60812573,,Negatif,
555959651653521409,Fri Jan 16 05:28:04 +0000 2015,0,#TuitKarawang Biznet Buka Jaringan di Karawang #Karawang #Tuit,555959651653521409,,,in,,0,0,0,https://x.com/undefined/status/555959651653521409,897134521,,Negatif,
555955249911824386,Fri Jan 16 05:10:35 +0000 2015,0,Biznet Buka Jaringan di Karawang http://t.co/4DlRPiOhZP,555955249911824386,,,in,,0,0,0,https://x.com/undefined/status/555955249911824386,444396455,,Negatif,
555600551514497025,Thu Jan 15 05:41:08 +0000 2015,0,I'm at Biznet Networks Branch Cikampek in Karawang Jawa Barat http://t.co/y2y6KMltug,555600551514497025,,,in,,0,0,0,https://x.com/undefined/status/555600551514497025,100437796,,Negatif,
527803128205164544,Thu Oct 30 12:44:06 +0000 2014,0,Siap RT @Karawang_ID: Sama2.. pantengin terus akun #Karawang_ID dan #Biznet @yuli_yulyani: @Karawang_ID @BiznetNetworks yeay makasih min :) ,527803128205164544,,,in,,0,0,0,https://x.com/undefined/status/527803128205164544,220893479,,Negatif,
515096953705611265,Thu Sep 25 11:14:18 +0000 2014,0,RT @chier_13: @karawangupdate tau kantor biznet yang di karawang ? #shareinfo,515096953705611265,,,in,,0,0,0,https://x.com/undefined/status/515096953705611265,385746655,,Negatif,
515070908554559488,Thu Sep 25 09:42:34 +0000 2014,0,@karawangupdate tau kantor biznet yang di karawang ? #shareinfo,515073870068715520,,KarawangUpDate,in,,0,0,0,https://x.com/undefined/status/515073870068715520,290349271,,Negatif,
507491197879730177,Thu Sep 04 11:31:44 +0000 2014,0,@BiznetNetworks min biznet bisa diakses di karawang daerah klari nggak ?,507491197879730177,,BiznetNetworks,in,,0,0,0,https://x.com/undefined/status/507491197879730177,606919352,,Negatif,
504592393765523456,Wed Aug 27 11:36:14 +0000 2014,0,@Karawang_ID hadiah kuis nya apaan min? gue pk ni biznet d rmh,504593224963325952,,Karawang_ID,in,,0,0,0,https://x.com/undefined/status/504593224963325952,105079304,,Negatif,
504267237121732609,Tue Aug 26 14:00:52 +0000 2014,0,Biznet Networks tuh perusahaan telekomunikasi internet dan multimedia ternama skr baru di Karawang-Cikampek.,504267237121732609,,,in,,0,0,0,https://x.com/undefined/status/504267237121732609,385746655,,Negatif,
500820850258370560,Sun Aug 17 01:46:10 +0000 2014,0,Biznet daerah karawang sdh msuk? Dan kalo mau pake paket inetnya saja tnp cable tv bisa? @mymax3,500820850258370560,,,in,,0,0,0,https://x.com/undefined/status/500820850258370560,53573165,,Negatif,
366541182777569280,Thu Aug 15 07:52:50 +0000 2013,0,@Ndra_Saputra89 Bbrp area di Karawang sdh tercover jaringan &amp; layanan Biznet. Info lengkap kunjungi http://t.co/hUrN7iFo1g. Terima kasih.,367916778061434881,,Ndra_Saputra89,in,,0,0,0,https://x.com/undefined/status/367916778061434881,106597170,,Negatif,
314932346040229888,Fri Mar 22 02:51:37 +0000 2013,0,Kalo speedy Karawang ini masuk ke Jabotabek. Bukan Jabar. Kalo begitu knp yg lain gk masuk ex. BizNet FirstMedia dll.,314932346040229888,,,in,,0,0,0,https://x.com/undefined/status/314932346040229888,232469347,,Negatif,
220754238437994497,Thu Jul 05 05:41:26 +0000 2012,0,@BiznetNetworks haloo biz net :) maw tanya warnet saya maw pasang biznet gmn ya caranya ?? saya di karawang,220754238437994497,,BiznetNetworks,tl,,0,0,0,https://x.com/undefined/status/220754238437994497,464432775,,Negatif,
